% of total metro-km in the country,,,,,,,,,,,,,,,,,,,,,,,,,,,,,,,
Austria,Belgium,Bulgaria,Croatia,Cyprus,Czechia,Denmark,Estonia,Finland,France,Germany,Greece,Hungary,Iceland,Ireland,Italy,Latvia,Liechtenstein,Lithuania,Luxembourg,Malta,Netherlands,Norway,Poland,Portugal,Romania,Slovakia,Slovenia,Spain,Sweden,Switzerland,UK
100.000000000000,100.000000000000,100.000000000000,0.000000000000,0.000000000000,100.000000000000,100.000000000000,0.000000000000,100.000000000000,11.095484034615,40.558220052310,100.000000000000,100.000000000000,0.000000000000,0.000000000000,4.211820227840,0.000000000000,0.000000000000,0.000000000000,0.000000000000,0.000000000000,40.989700387719,100.000000000000,100.000000000000,100.000000000000,100.000000000000,0.000000000000,0.000000000000,29.939654686843,100.000000000000,100.000000000000,0.547945205479
,,,,,,,,,12.723175888369,22.656953454347,,,,,2.331295400435,,,,,,59.010299612281,,,,,,,11.892705778973,,,99.452054794521
,,,,,,,,,6.000159522558,27.721901059043,,,,,2.520563806399,,,,,,,,,,,,,58.167639534184,,,
,,,,,,,,,59.079226830222,9.062925434300,,,,,45.097393225555,,,,,,,,,,,,,,,,
,,,,,,,,,2.713556143693,,,,,,7.092424272020,,,,,,,,,,,,,,,,
,,,,,,,,,8.388397580542,,,,,,32.785977979907,,,,,,,,,,,,,,,,
,,,,,,,,,,,,,,,5.960525087844,,,,,,,,,,,,,,,,
